{
  "name": "aw_set",
  "timestamp": "2026-01-29T16:07:36.025231+01:00",
  "git_commit": "857b56abc179050916c3c711bfdddc382c00d63e",
  "git_branch": "master",
  "final_merge": true,
  "summary": {
    "total_runs": 8,
    "avg_runs_per_replica_throughput_ops_per_sec": 0.0,
    "min_runs_per_replica_throughput_ops_per_sec": 0.0,
    "max_runs_per_replica_throughput_ops_per_sec": 0.0,
    "avg_time_per_op_ms": 0.0
  },
  "runs": [
    {
      "run_number": 1,
      "parameters": {
        "num_replicas": 16,
        "num_operations": 1000,
        "churn_rate": 0.7,
        "disable_stability": true,
        "reachability": null
      },
      "results": {
        "final_state": "{5849, 9159, 1938, 8646, 6497, 9505, 173, 7702, 8976, 4549, 6399, 7969, 8189, 6515, 6924, 4948, 2179 ... 59}",
        "avg_time_per_op_ms": 0.0010000000000000005,
        "avg_throughput_ops_per_sec": 805438.7300196489,
        "total_deliver_ms_per_replica": [
          1,
          1,
          1,
          1,
          1,
          1,
          1,
          1,
          1,
          1,
          1,
          1,
          1,
          1,
          1,
          1
        ],
        "total_effect_ms_per_replica": [
          0,
          0,
          0,
          0,
          0,
          0,
          0,
          0,
          0,
          0,
          0,
          0,
          0,
          0,
          0,
          0
        ],
        "avg_effect_ms": 0.0,
        "execution_graph_dot": null,
        "used_seed": "0x26CB32EB01068716D1E111A9E1082E05976C37919A91677E7C6409387310564D"
      }
    },
    {
      "run_number": 2,
      "parameters": {
        "num_replicas": 16,
        "num_operations": 3000,
        "churn_rate": 0.7,
        "disable_stability": true,
        "reachability": null
      },
      "results": {
        "final_state": "{8083, 3011, 7158, 2734, 6733, 9571, 5295, 7768, 7016, 7554, 3621, 7705, 6270, 3067, 597, 1610, 9866 ... 26}",
        "avg_time_per_op_ms": 0.0006666666666666666,
        "avg_throughput_ops_per_sec": 1228541.5631273538,
        "total_deliver_ms_per_replica": [
          2,
          2,
          2,
          2,
          2,
          2,
          2,
          2,
          2,
          2,
          2,
          2,
          2,
          2,
          2,
          2
        ],
        "total_effect_ms_per_replica": [
          0,
          0,
          0,
          0,
          0,
          0,
          0,
          0,
          0,
          0,
          0,
          0,
          0,
          0,
          0,
          0
        ],
        "avg_effect_ms": 0.0,
        "execution_graph_dot": null,
        "used_seed": "0xBAE5469B147AA5F96EFD1C635D02781273690BC778F64F2A6D44ECFCD663C524"
      }
    },
    {
      "run_number": 3,
      "parameters": {
        "num_replicas": 16,
        "num_operations": 10000,
        "churn_rate": 0.7,
        "disable_stability": true,
        "reachability": null
      },
      "results": {
        "final_state": "{7718, 7644, 3821, 2781, 2224, 7340, 8965, 7947, 781, 438, 7201, 9427, 9279, 1251, 5582, 3938, 2149}",
        "avg_time_per_op_ms": 0.0006,
        "avg_throughput_ops_per_sec": 1588998.6123038903,
        "total_deliver_ms_per_replica": [
          6,
          6,
          6,
          6,
          6,
          6,
          6,
          6,
          6,
          6,
          6,
          6,
          6,
          6,
          6,
          6
        ],
        "total_effect_ms_per_replica": [
          0,
          0,
          0,
          0,
          0,
          0,
          0,
          0,
          0,
          0,
          0,
          0,
          0,
          0,
          0,
          0
        ],
        "avg_effect_ms": 0.0,
        "execution_graph_dot": null,
        "used_seed": "0xACEB4333E69CC4F81ABB1FBA3BFA93AFB0E5A7ADE0EB55E9F75EFA1F7329419D"
      }
    },
    {
      "run_number": 4,
      "parameters": {
        "num_replicas": 16,
        "num_operations": 30000,
        "churn_rate": 0.7,
        "disable_stability": true,
        "reachability": null
      },
      "results": {
        "final_state": "{5385, 1872, 840, 214, 9524, 88, 404, 1013, 3835, 3997, 4041, 9352, 1165, 7700, 1360, 4357, 7451, 46 ... 09}",
        "avg_time_per_op_ms": 0.0006166666666666666,
        "avg_throughput_ops_per_sec": 1575144.729666608,
        "total_deliver_ms_per_replica": [
          19,
          18,
          18,
          19,
          18,
          19,
          19,
          18,
          18,
          18,
          20,
          19,
          18,
          18,
          18,
          19
        ],
        "total_effect_ms_per_replica": [
          2,
          2,
          2,
          2,
          2,
          2,
          2,
          2,
          2,
          2,
          2,
          2,
          2,
          2,
          2,
          2
        ],
        "avg_effect_ms": 2.0,
        "execution_graph_dot": null,
        "used_seed": "0xAA8E3C4AF22B5995AD981CC0C262A50EF82A1C8FCC9E56F0B787C649A61FCD1F"
      }
    },
    {
      "run_number": 5,
      "parameters": {
        "num_replicas": 16,
        "num_operations": 100000,
        "churn_rate": 0.7,
        "disable_stability": true,
        "reachability": null
      },
      "results": {
        "final_state": "{5547, 689, 6277, 2196, 4993, 5553, 2501, 632, 7104, 7044, 3863, 1758, 5521, 6770, 8856, 2321, 6965, ... 61}",
        "avg_time_per_op_ms": 0.000653125,
        "avg_throughput_ops_per_sec": 1518602.8359902285,
        "total_deliver_ms_per_replica": [
          68,
          64,
          66,
          67,
          66,
          66,
          66,
          65,
          63,
          64,
          64,
          65,
          65,
          65,
          64,
          67
        ],
        "total_effect_ms_per_replica": [
          7,
          7,
          7,
          7,
          7,
          7,
          7,
          7,
          7,
          7,
          7,
          7,
          7,
          7,
          7,
          7
        ],
        "avg_effect_ms": 7.0,
        "execution_graph_dot": null,
        "used_seed": "0x1D71D10403304D6D8A2F47B601F0A0ED2B8E31CCB33FC47A7783577399E71F48"
      }
    },
    {
      "run_number": 6,
      "parameters": {
        "num_replicas": 16,
        "num_operations": 300000,
        "churn_rate": 0.7,
        "disable_stability": true,
        "reachability": null
      },
      "results": {
        "final_state": "{7715, 5075, 7235, 3530, 4724, 5015, 9939, 6245, 5150, 1184, 5389, 9256, 718, 54, 5922, 5689, 7668,  ... 12}",
        "avg_time_per_op_ms": 0.0006627083333333333,
        "avg_throughput_ops_per_sec": 1505212.0995881,
        "total_deliver_ms_per_replica": [
          196,
          203,
          198,
          204,
          198,
          201,
          196,
          201,
          197,
          194,
          193,
          201,
          199,
          198,
          200,
          202
        ],
        "total_effect_ms_per_replica": [
          23,
          23,
          23,
          23,
          23,
          23,
          23,
          23,
          23,
          23,
          23,
          23,
          23,
          23,
          23,
          23
        ],
        "avg_effect_ms": 23.0,
        "execution_graph_dot": null,
        "used_seed": "0x3679EF2384ECBB8D66A397C0435D9F76D52161F14B8B751F90AF793FD8BEDFD4"
      }
    },
    {
      "run_number": 7,
      "parameters": {
        "num_replicas": 16,
        "num_operations": 1000000,
        "churn_rate": 0.7,
        "disable_stability": true,
        "reachability": null
      },
      "results": {
        "final_state": "{7722, 8971, 5764, 4511, 5572, 7028, 6703, 7761, 8033, 3514, 948, 5946, 2348}",
        "avg_time_per_op_ms": 0.0006724375,
        "avg_throughput_ops_per_sec": 1486273.426250061,