{
  "name": "aw_set",
  "timestamp": "2026-01-29T15:02:19.059061+01:00",
  "git_commit": "857b56abc179050916c3c711bfdddc382c00d63e",
  "git_branch": "master",
  "final_merge": true,
  "summary": {
    "total_runs": 8,
    "avg_runs_per_replica_throughput_ops_per_sec": 0.0,
    "min_runs_per_replica_throughput_ops_per_sec": 0.0,
    "max_runs_per_replica_throughput_ops_per_sec": 0.0,
    "avg_time_per_op_ms": 0.0
  },
  "runs": [
    {
      "run_number": 1,
      "parameters": {
        "num_replicas": 16,
        "num_operations": 1000,
        "churn_rate": 0.7,
        "disable_stability": true,
        "reachability": null
      },
      "results": {
        "final_state": "{2004, 5015, 9124, 827, 7088, 4681, 2340, 7415, 6902, 9180, 8258, 5967, 7902, 4378, 9066, 9799, 3695 ... 36}",
        "avg_time_per_op_ms": 0.0013124999999999999,
        "avg_throughput_ops_per_sec": 1003801.406917325,
        "total_deliver_ms_per_replica": [
          1,
          11,
          2,
          0,
          0,
          0,
          0,
          0,
          0,
          6,
          0,
          0,
          0,
          0,
          1,
          0
        ],
        "total_effect_ms_per_replica": [
          0,
          0,
          0,
          0,
          0,
          0,
          0,
          0,
          0,
          5,
          0,
          0,
          0,
          0,
          0,
          0
        ],
        "avg_effect_ms": 0.3125,
        "execution_graph_dot": null,
        "used_seed": "0x3ADB89E074AA05893280168DFFA3B1AE93A43690968319711626C0481A79C2B6"
      }
    },
    {
      "run_number": 2,
      "parameters": {
        "num_replicas": 16,
        "num_operations": 3000,
        "churn_rate": 0.7,
        "disable_stability": true,
        "reachability": null
      },
      "results": {
        "final_state": "{8621, 66, 9332, 3291, 4024, 4930, 8822, 3964, 5458, 3186, 8176, 7556, 1260, 4938, 8937, 8213, 9204, ... 50}",
        "avg_time_per_op_ms": 0.00043749999999999995,
        "avg_throughput_ops_per_sec": 1488221.1255494978,
        "total_deliver_ms_per_replica": [
          2,
          1,
          1,
          1,
          1,
          1,
          3,
          1,
          2,
          1,
          1,
          1,
          1,
          2,
          1,
          1
        ],
        "total_effect_ms_per_replica": [
          0,
          0,
          0,
          0,
          0,
          0,
          0,
          0,
          0,
          0,
          0,
          0,
          0,
          0,
          0,
          0
        ],
        "avg_effect_ms": 0.0,
        "execution_graph_dot": null,
        "used_seed": "0xDA22289A9C802BBF655B7CA5355C75AEF35FE6121B22B9BA1C27C0E11A1545F4"
      }
    },
    {
      "run_number": 3,
      "parameters": {
        "num_replicas": 16,
        "num_operations": 10000,
        "churn_rate": 0.7,
        "disable_stability": true,
        "reachability": null
      },
      "results": {
        "final_state": "{8230, 7275, 7603, 3408, 916, 3695, 2825, 5124, 1416, 4029}",
        "avg_time_per_op_ms": 0.0006,
        "avg_throughput_ops_per_sec": 1618820.6797016428,
        "total_deliver_ms_per_replica": [
          6,
          6,
          6,
          6,
          6,
          6,
          6,
          6,
          6,
          6,
          6,
          6,
          6,
          6,
          6,
          6
        ],
        "total_effect_ms_per_replica": [
          0,
          0,
          0,
          0,
          0,
          0,
          0,
          0,
          0,
          0,
          0,
          0,
          0,
          0,
          0,
          0
        ],
        "avg_effect_ms": 0.0,
        "execution_graph_dot": null,
        "used_seed": "0xC260FF5910ECEE4A8D87307B9EE3850EAF65D304DE900B8901655D7EBF749AE2"
      }
    },
    {
      "run_number": 4,
      "parameters": {
        "num_replicas": 16,
        "num_operations": 30000,
        "churn_rate": 0.7,
        "disable_stability": true,
        "reachability": null
      },
      "results": {
        "final_state": "{1021, 8149, 6785, 993, 7443, 5992, 8476, 7757, 3179, 6733, 5965, 5317, 170, 9878, 8592, 4113, 5082, ... 60}",
        "avg_time_per_op_ms": 0.0006020833333333333,
        "avg_throughput_ops_per_sec": 1613266.1480103773,
        "total_deliver_ms_per_replica": [
          18,
          18,
          18,
          18,
          17,
          18,
          19,
          18,
          18,
          18,
          18,
          18,
          18,
          18,
          19,
          18
        ],
        "total_effect_ms_per_replica": [
          1,
          1,
          1,
          1,
          1,
          1,
          1,
          1,
          1,
          1,
          1,
          1,
          1,
          1,
          1,
          1
        ],
        "avg_effect_ms": 1.0,
        "execution_graph_dot": null,
        "used_seed": "0x1A92A516CFDE8A99F182CDD4F0CE87D47B76A750CB4F525285D5CB98757548B3"
      }
    },
    {
      "run_number": 5,
      "parameters": {
        "num_replicas": 16,
        "num_operations": 100000,
        "churn_rate": 0.7,
        "disable_stability": true,
        "reachability": null
      },
      "results": {
        "final_state": "{2690, 3615, 7378, 124, 5981, 8413, 8512, 9761, 2227, 3852, 9377, 1500, 265, 2974, 5216, 6932, 9479, ... 12}",
        "avg_time_per_op_ms": 0.0006375,
        "avg_throughput_ops_per_sec": 1554699.9972622788,
        "total_deliver_ms_per_replica": [
          66,
          64,
          63,
          65,
          64,
          63,
          64,
          64,
          62,
          61,
          64,
          63,
          65,
          63,
          65,
          64
        ],
        "total_effect_ms_per_replica": [
          6,
          6,
          6,
          6,
          6,
          6,
          6,
          6,
          6,
          6,
          6,
          6,
          6,
          6,
          6,
          6
        ],
        "avg_effect_ms": 6.0,
        "execution_graph_dot": null,
        "used_seed": "0x864AD4DA289460E3987A61B3B7C7829934CAAA59F33C8B7C1581F7A60939E1B6"
      }
    },
    {
      "run_number": 6,
      "parameters": {
        "num_replicas": 16,
        "num_operations": 300000,
        "churn_rate": 0.7,
        "disable_stability": true,
        "reachability": null
      },
      "results": {
        "final_state": "{8920, 1743, 9546, 8476, 286, 726, 7176, 5005, 984, 773, 4665, 1009, 2865, 7921, 2160, 2742, 3516, 5 ... 94}",
        "avg_time_per_op_ms": 0.0006531249999999998,
        "avg_throughput_ops_per_sec": 1527004.8489317615,
        "total_deliver_ms_per_replica": [
          197,
          200,
          200,
          197,
          196,
          198,
          195,
          195,
          193,
          196,
          194,
          194,
          196,
          197,
          194,
          193
        ],
        "total_effect_ms_per_replica": [
          19,
          19,
          19,
          18,
          19,
          19,
          19,
          19,
          19,
          19,
          19,
          19,
          19,
          19,
          19,
          19
        ],
        "avg_effect_ms": 18.9375,
        "execution_graph_dot": null,
        "used_seed": "0x751113D5A3ED8D3BFD3F6B45C4953BF55142A17AE0A2BEFEA89AC6C1E45A01DD"
      }
    },
    {
      "run_number": 7,
      "parameters": {
        "num_replicas": 16,
        "num_operations": 1000000,
        "churn_rate": 0.7,
        "disable_stability": true,
        "reachability": null
      },
      "results": {
        "final_state": "{5595, 2830, 2255, 968, 6541, 6515, 9718, 1081, 7590, 7162}",
        "avg_time_per_op_ms": 0.0006598125,
        "avg_throughput_ops_per_sec": 1514492.795892053,