{
  "name": "aw_set",
  "timestamp": "2026-01-29T15:43:41.954145+01:00",
  "git_commit": "857b56abc179050916c3c711bfdddc382c00d63e",
  "git_branch": "master",
  "final_merge": true,
  "summary": {
    "total_runs": 8,
    "avg_runs_per_replica_throughput_ops_per_sec": 0.0,
    "min_runs_per_replica_throughput_ops_per_sec": 0.0,
    "max_runs_per_replica_throughput_ops_per_sec": 0.0,
    "avg_time_per_op_ms": 0.0
  },
  "runs": [
    {
      "run_number": 1,
      "parameters": {
        "num_replicas": 16,
        "num_operations": 1000,
        "churn_rate": 0.7,
        "disable_stability": true,
        "reachability": null
      },
      "results": {
        "final_state": "{9255, 5506, 3464, 2756, 9549, 1123, 5495, 8676, 5841, 1483, 7052, 5520, 9700, 6294, 3950, 361, 8466 ... 50}",
        "avg_time_per_op_ms": 0.0000625,
        "avg_throughput_ops_per_sec": 1301612.6087768937,
        "total_deliver_ms_per_replica": [
          0,
          0,
          1,
          0,
          0,
          0,
          0,
          0,
          0,
          0,
          0,
          0,
          0,
          0,
          0,
          0
        ],
        "total_effect_ms_per_replica": [
          0,
          0,
          0,
          0,
          0,
          0,
          0,
          0,
          0,
          0,
          0,
          0,
          0,
          0,
          0,
          0
        ],
        "avg_effect_ms": 0.0,
        "execution_graph_dot": null,
        "used_seed": "0x8438E7337A4D4C6EF4B03A36502B1EA3319CDD18E9BD321000958DDAB1233200"
      }
    },
    {
      "run_number": 2,
      "parameters": {
        "num_replicas": 16,
        "num_operations": 3000,
        "churn_rate": 0.7,
        "disable_stability": true,
        "reachability": null
      },
      "results": {
        "final_state": "{4198, 9476, 2495, 611, 1919, 5181, 7208, 1255, 4989, 5154, 3790, 7734, 4372, 6631}",
        "avg_time_per_op_ms": 0.00039583333333333327,
        "avg_throughput_ops_per_sec": 1564653.1944649748,
        "total_deliver_ms_per_replica": [
          1,
          1,
          1,
          1,
          2,
          1,
          1,
          2,
          1,
          1,
          1,
          1,
          1,
          1,
          2,
          1
        ],
        "total_effect_ms_per_replica": [
          0,
          0,
          0,
          0,
          0,
          0,
          0,
          0,
          0,
          0,
          0,
          0,
          0,
          0,
          0,
          0
        ],
        "avg_effect_ms": 0.0,
        "execution_graph_dot": null,
        "used_seed": "0xFEE27E6E580D8E964908841E3E9CC951ED59C6F250F06A2B6862C49EB5050906"
      }
    },
    {
      "run_number": 3,
      "parameters": {
        "num_replicas": 16,
        "num_operations": 10000,
        "churn_rate": 0.7,
        "disable_stability": true,
        "reachability": null
      },
      "results": {
        "final_state": "{5525, 4736, 1636, 3730, 5620, 500, 6917, 3087, 4273, 4269, 3012, 3082}",
        "avg_time_per_op_ms": 0.0005687499999999999,
        "avg_throughput_ops_per_sec": 1644867.9845052757,
        "total_deliver_ms_per_replica": [
          6,
          6,
          5,
          6,
          6,
          6,
          6,
          6,
          6,
          5,
          6,
          5,
          6,
          6,
          5,
          5
        ],
        "total_effect_ms_per_replica": [
          0,
          0,
          0,
          0,
          0,
          0,
          0,
          0,
          0,
          0,
          0,
          0,
          0,
          0,
          0,
          0
        ],
        "avg_effect_ms": 0.0,
        "execution_graph_dot": null,
        "used_seed": "0x33B12474472E98420EB57722B1CDB338406FFEE207429460BDFCBAB271D19128"
      }
    },
    {
      "run_number": 4,
      "parameters": {
        "num_replicas": 16,
        "num_operations": 30000,
        "churn_rate": 0.7,
        "disable_stability": true,
        "reachability": null
      },
      "results": {
        "final_state": "{132, 250, 6261, 6928, 2265, 1697, 561, 9067, 9369, 7036, 6564, 6660, 323, 4495, 6120, 8206}",
        "avg_time_per_op_ms": 0.0005979166666666666,
        "avg_throughput_ops_per_sec": 1634723.2068584778,
        "total_deliver_ms_per_replica": [
          18,
          18,
          18,
          18,
          18,
          18,
          18,
          18,
          18,
          19,
          17,
          17,
          18,
          18,
          18,
          18
        ],
        "total_effect_ms_per_replica": [
          1,
          1,
          1,
          1,
          1,
          1,
          1,
          1,
          1,
          1,
          1,
          1,
          1,
          1,
          1,
          1
        ],
        "avg_effect_ms": 1.0,
        "execution_graph_dot": null,
        "used_seed": "0xBD79DB8AEF8514642F2DD84BD13A8271372C0861F50D99D2AE00D4D1370F7967"
      }
    },
    {
      "run_number": 5,
      "parameters": {
        "num_replicas": 16,
        "num_operations": 100000,
        "churn_rate": 0.7,
        "disable_stability": true,
        "reachability": null
      },
      "results": {
        "final_state": "{1887, 7482, 1223, 3143, 7050, 168, 9615, 750, 8206, 5585, 3447, 2953, 402, 3240}",
        "avg_time_per_op_ms": 0.0006168750000000001,
        "avg_throughput_ops_per_sec": 1608130.396869675,
        "total_deliver_ms_per_replica": [
          62,
          64,
          64,
          62,
          61,
          62,
          61,
          60,
          60,
          61,
          60,
          61,
          62,
          62,
          64,
          61
        ],
        "total_effect_ms_per_replica": [
          6,
          6,
          6,
          6,
          6,
          6,
          6,
          6,
          6,
          6,
          6,
          6,
          6,
          6,
          6,
          6
        ],
        "avg_effect_ms": 6.0,
        "execution_graph_dot": null,
        "used_seed": "0x3C16A5BC82931EBAB16242AC9D7B361FE5E5F03EC95EF70362EAB6B298CE3313"
      }
    },
    {
      "run_number": 6,
      "parameters": {
        "num_replicas": 16,
        "num_operations": 300000,
        "churn_rate": 0.7,
        "disable_stability": true,
        "reachability": null
      },
      "results": {
        "final_state": "{4260, 3917, 8067, 9508, 9662, 7966, 8230, 9262, 21, 7308, 5854, 7726, 3966, 9642, 6832, 2301, 5290, ... 46}",
        "avg_time_per_op_ms": 0.00063875,
        "avg_throughput_ops_per_sec": 1561880.645784292,
        "total_deliver_ms_per_replica": [
          193,
          192,
          192,
          191,
          190,
          190,
          188,
          193,
          190,
          194,
          193,
          192,
          194,
          193,
          192,
          189
        ],
        "total_effect_ms_per_replica": [
          18,
          18,
          18,
          18,
          18,
          18,
          18,
          18,
          18,
          19,
          18,
          18,
          19,
          19,
          18,
          18
        ],
        "avg_effect_ms": 18.1875,
        "execution_graph_dot": null,
        "used_seed": "0x8F1E4769C2AD99A541E7BDCF58E1699F784D308F6448A01F814695F6C4A8FEF9"
      }
    },
    {
      "run_number": 7,
      "parameters": {
        "num_replicas": 16,
        "num_operations": 1000000,
        "churn_rate": 0.7,
        "disable_stability": true,
        "reachability": null
      },
      "results": {
        "final_state": "{1666, 9664, 3980, 1241, 5789, 5188, 7971, 7425, 3860, 5411, 8930, 2900, 6858, 4989, 6145, 5448, 446 ... 60}",
        "avg_time_per_op_ms": 0.0006663125,
        "avg_throughput_ops_per_sec": 1500324.6082111665,