{
  "name": "aw_set",
  "timestamp": "2026-01-25T21:28:00.574536+01:00",
  "git_commit": "cb56f58c2bc5e9da789a22077e7a58fc770f00df",
  "git_branch": "master",
  "final_merge": true,
  "summary": {
    "total_runs": 3,
    "total_operations": 111000,
    "total_time_ms": 12658,
    "mean_throughput_ops_per_sec": 185217.91918867282,
    "min_throughput_ops_per_sec": 8034.709946970915,
    "max_throughput_ops_per_sec": 500000.0,
    "mean_time_per_op_ms": 0.049153333333333334,
    "mean_effect_time_ms": 0.00013833333333333333,
    "mean_effect_overhead_percentage": 6.000678486617744,
    "all_converged": true
  },
  "runs": [
    {
      "run_number": 1,
      "parameters": {
        "num_replicas": 16,
        "num_operations": 1000,
        "churn_rate": 0.7,
        "seed": "0x09A3A264F1A64DA73BD6DAEAC0868365CB6C8E1B9B6FE8094820D3DA03080739",
        "generate_execution_graph": false
      },
      "results": {
        "convergence": true,
        "final_state": "{0, 88, 69, 6, 50, 94, 31, 75, 12, 56, 37, 18, 62, 43, 87, 24, 5, 49, 55, 99, 36, 80, 61, 23, 67, 48 ... 63}",
        "delivered_events": 1000,
        "total_operations": 1000,
        "total_time_ms": 2,
        "avg_time_per_op_ms": 0.002,
        "throughput_ops_per_sec": 500000.0,
        "replica_times_ms": {
          "11": 0,
          "0": 1,
          "3": 0,
          "14": 0,
          "6": 0,
          "9": 0,
          "12": 0,
          "1": 0,
          "4": 0,
          "15": 1,
          "7": 0,
          "10": 0,
          "2": 0,
          "13": 0,
          "5": 0,
          "8": 0
        },
        "replica_effect_times_ms": {
          "0": 0,
          "11": 0,
          "3": 0,
          "14": 0,
          "6": 0,
          "9": 0,
          "1": 0,
          "12": 0,
          "4": 0,
          "15": 0,
          "7": 0,
          "10": 0,
          "2": 0,
          "13": 0,
          "5": 0,
          "8": 0
        },
        "replica_effect_calls": {
          "0": 1000,
          "11": 1000,
          "3": 1000,
          "14": 1000,
          "6": 1000,
          "9": 1000,
          "1": 1000,
          "12": 1000,
          "4": 1000,
          "15": 1000,
          "7": 1000,
          "10": 1000,
          "2": 1000,
          "13": 1000,
          "5": 1000,
          "8": 1000
        },
        "total_effect_time_ms": 0,
        "avg_effect_time_ms": 0.0,
        "effect_overhead_percentage": 0.0,
        "execution_graph_dot": null
      }
    },
    {
      "run_number": 2,
      "parameters": {
        "num_replicas": 16,
        "num_operations": 10000,
        "churn_rate": 0.7,
        "seed": "0x5E880F88D2D4EE3961F427A47E5424A6FFB18693F49F50F2FC055CDC5FCFC311",
        "generate_execution_graph": false
      },
      "results": {
        "convergence": true,
        "final_state": "{0, 88, 44, 25, 69, 6, 94, 31, 75, 12, 37, 81, 18, 87, 24, 68, 5, 49, 30, 11, 55, 99, 36, 80, 17, 61 ... 82}",
        "delivered_events": 10000,
        "total_operations": 10000,
        "total_time_ms": 210,
        "avg_time_per_op_ms": 0.021,
        "throughput_ops_per_sec": 47619.04761904762,
        "replica_times_ms": {
          "0": 8,
          "11": 8,
          "3": 8,
          "14": 8,
          "6": 9,
          "9": 8,
          "1": 9,
          "12": 9,
          "4": 8,
          "15": 84,
          "7": 8,
          "10": 9,
          "2": 9,
          "13": 8,
          "5": 9,
          "8": 8
        },
        "replica_effect_times_ms": {
          "0": 2,
          "11": 2,
          "3": 2,
          "14": 2,
          "6": 2,
          "9": 1,
          "1": 2,
          "12": 2,
          "4": 2,
          "15": 3,
          "7": 2,
          "10": 2,
          "2": 2,
          "13": 2,
          "5": 2,
          "8": 2
        },
        "replica_effect_calls": {
          "0": 10000,
          "11": 10000,
          "3": 10000,
          "14": 10000,
          "6": 10000,
          "9": 10000,
          "1": 10000,
          "12": 10000,
          "4": 10000,
          "15": 10000,
          "7": 10000,
          "10": 10000,
          "2": 10000,
          "13": 10000,
          "5": 10000,
          "8": 10000
        },
        "total_effect_time_ms": 32,
        "avg_effect_time_ms": 0.0002,
        "effect_overhead_percentage": 15.238095238095239,
        "execution_graph_dot": null
      }
    },
    {
      "run_number": 3,
      "parameters": {
        "num_replicas": 16,
        "num_operations": 100000,
        "churn_rate": 0.7,
        "seed": "0xC31C773DC0DC9088342C1B3485F4C221DB54D0E715972F75E4C787B4F0C50E49",
        "generate_execution_graph": false
      },
      "results": {
        "convergence": true,
        "final_state": "{44, 88, 0, 25, 69, 6, 50, 31, 75, 12, 56, 37, 81, 18, 62, 43, 87, 24, 68, 5, 49, 93, 30, 11, 55, 99 ... 19}",
        "delivered_events": 100000,
        "total_operations": 100000,
        "total_time_ms": 12446,
        "avg_time_per_op_ms": 0.12446,
        "throughput_ops_per_sec": 8034.709946970915,
        "replica_times_ms": {
          "0": 195,
          "11": 208,
          "3": 199,
          "14": 202,
          "6": 200,
          "9": 199,
          "1": 200,
          "12": 218,
          "4": 199,
          "15": 9419,
          "7": 200,
          "10": 200,
          "2": 202,
          "13": 199,
          "5": 204,
          "8": 202
        },
        "replica_effect_times_ms": {
          "0": 21,
          "11": 21,
          "3": 20,
          "14": 21,
          "6": 21,
          "9": 21,
          "1": 21,
          "12": 20,
          "4": 21,
          "15": 33,
          "7": 21,
          "10": 20,
          "2": 21,
          "13": 20,
          "5": 21,
          "8": 21
        },
        "replica_effect_calls": {
          "0": 100000,
          "11": 100000,
          "3": 100000,
          "14": 100000,
          "6": 100000,
          "9": 100000,
          "1": 100000,
          "12": 100000,
          "4": 100000,
          "15": 100000,
          "7": 100000,
          "10": 100000,
          "2": 100000,
          "13": 100000,
          "5": 100000,
          "8": 100000
        },
        "total_effect_time_ms": 344,
        "avg_effect_time_ms": 0.000215,
        "effect_overhead_percentage": 2.7639402217579945,
        "execution_graph_dot": null
      }
    }
  ]
}