{
  "name": "aw_set",
  "timestamp": "2026-01-25T20:22:16.662292+01:00",
  "git_commit": "cb56f58c2bc5e9da789a22077e7a58fc770f00df",
  "git_branch": "master",
  "final_merge": true,
  "summary": {
    "total_runs": 5,
    "total_operations": 500000,
    "total_time_ms": 65270,
    "mean_throughput_ops_per_sec": 7660.892519561338,
    "min_throughput_ops_per_sec": 7580.351728320194,
    "max_throughput_ops_per_sec": 7744.733581164808,
    "mean_time_per_op_ms": 0.13054000000000002,
    "mean_effect_time_ms": 0.00021425000000000003,
    "mean_effect_overhead_percentage": 2.6261439264068267,
    "all_converged": true
  },
  "runs": [
    {
      "run_number": 1,
      "parameters": {
        "num_replicas": 16,
        "num_operations": 100000,
        "churn_rate": 0.7,
        "seed": "0x7B943005837514FCBF8B449C72D09B7740B3F36E63C4C0A9A20B8E5B862F27A1",
        "generate_execution_graph": false
      },
      "results": {
        "convergence": true,
        "final_state": "{44, 88, 0, 25, 6, 31, 12, 37, 81, 62, 43, 87, 24, 5, 49, 30, 11, 36, 17, 42, 86, 23, 67, 4, 48, 92, ... 63}",
        "delivered_events": 100000,
        "total_operations": 100000,
        "total_time_ms": 12993,
        "avg_time_per_op_ms": 0.12993,
        "throughput_ops_per_sec": 7696.451935657662,
        "replica_times_ms": {
          "0": 201,
          "11": 201,
          "3": 199,
          "14": 196,
          "6": 201,
          "9": 201,
          "1": 197,
          "12": 200,
          "4": 196,
          "15": 9971,
          "7": 196,
          "10": 196,
          "2": 198,
          "13": 248,
          "5": 195,
          "8": 197
        },
        "replica_effect_times_ms": {
          "0": 21,
          "11": 20,
          "3": 20,
          "14": 20,
          "6": 20,
          "9": 20,
          "1": 20,
          "12": 20,
          "4": 20,
          "15": 31,
          "7": 20,
          "10": 20,
          "2": 20,
          "13": 20,
          "5": 20,
          "8": 20
        },
        "replica_effect_calls": {
          "0": 100000,
          "11": 100000,
          "3": 100000,
          "14": 100000,
          "6": 100000,
          "9": 100000,
          "1": 100000,
          "12": 100000,
          "4": 100000,
          "15": 100000,
          "7": 100000,
          "10": 100000,
          "2": 100000,
          "13": 100000,
          "5": 100000,
          "8": 100000
        },
        "total_effect_time_ms": 332,
        "avg_effect_time_ms": 0.0002075,
        "effect_overhead_percentage": 2.5552220426383436,
        "execution_graph_dot": null
      }
    },
    {
      "run_number": 2,
      "parameters": {
        "num_replicas": 16,
        "num_operations": 100000,
        "churn_rate": 0.7,
        "seed": "0xB299D21A88F599C6A7C3137F75A9BBA6BB638E301D51CBB8D7AAB5F36996A81B",
        "generate_execution_graph": false
      },
      "results": {
        "convergence": true,
        "final_state": "{44, 88, 0, 69, 6, 50, 94, 31, 75, 12, 37, 81, 18, 62, 43, 87, 24, 5, 49, 93, 30, 74, 11, 55, 99, 36 ... 63}",
        "delivered_events": 100000,
        "total_operations": 100000,
        "total_time_ms": 13192,
        "avg_time_per_op_ms": 0.13192,
        "throughput_ops_per_sec": 7580.351728320194,
        "replica_times_ms": {
          "0": 198,
          "11": 194,
          "3": 195,
          "14": 196,
          "6": 195,
          "9": 193,
          "1": 196,
          "12": 195,
          "4": 197,
          "15": 10256,
          "7": 199,
          "10": 194,
          "2": 196,
          "13": 195,
          "5": 196,
          "8": 197
        },
        "replica_effect_times_ms": {
          "0": 20,
          "11": 21,
          "3": 21,
          "14": 21,
          "6": 20,
          "9": 20,
          "1": 21,
          "12": 20,
          "4": 20,
          "15": 32,
          "7": 21,
          "10": 21,
          "2": 21,
          "13": 21,
          "5": 20,
          "8": 21
        },
        "replica_effect_calls": {
          "0": 100000,
          "11": 100000,
          "3": 100000,
          "14": 100000,
          "6": 100000,
          "9": 100000,
          "1": 100000,
          "12": 100000,
          "4": 100000,
          "15": 100000,
          "7": 100000,
          "10": 100000,
          "2": 100000,
          "13": 100000,
          "5": 100000,
          "8": 100000
        },
        "total_effect_time_ms": 341,
        "avg_effect_time_ms": 0.000213125,
        "effect_overhead_percentage": 2.584899939357186,
        "execution_graph_dot": null
      }
    },
    {
      "run_number": 3,
      "parameters": {
        "num_replicas": 16,
        "num_operations": 100000,
        "churn_rate": 0.7,
        "seed": "0x1E4A9C9E50DAA105BF8951235CFC5D07FB33D00CC9BB436C1600D5A4EF4BCCE8",
        "generate_execution_graph": false
      },
      "results": {
        "convergence": true,
        "final_state": "{0, 25, 69, 6, 50, 31, 75, 12, 56, 37, 81, 18, 43, 87, 68, 5, 49, 93, 30, 11, 55, 99, 36, 80, 17, 42 ... 63}",
        "delivered_events": 100000,
        "total_operations": 100000,
        "total_time_ms": 13088,
        "avg_time_per_op_ms": 0.13088,
        "throughput_ops_per_sec": 7640.586797066015,
        "replica_times_ms": {
          "0": 196,
          "11": 200,
          "3": 199,
          "14": 195,
          "6": 197,
          "9": 196,
          "12": 196,
          "1": 195,
          "15": 10129,
          "4": 198,
          "7": 194,
          "10": 202,
          "2": 199,
          "13": 194,
          "5": 202,
          "8": 196
        },
        "replica_effect_times_ms": {
          "0": 21,
          "11": 21,
          "3": 21,
          "14": 21,
          "6": 21,
          "9": 21,
          "1": 21,
          "12": 21,
          "4": 21,
          "15": 32,
          "7": 21,
          "10": 21,
          "2": 21,
          "13": 21,
          "5": 21,
          "8": 21
        },
        "replica_effect_calls": {
          "0": 100000,
          "11": 100000,
          "3": 100000,
          "14": 100000,
          "6": 100000,
          "9": 100000,
          "1": 100000,
          "12": 100000,
          "4": 100000,
          "15": 100000,
          "7": 100000,
          "10": 100000,
          "2": 100000,
          "13": 100000,
          "5": 100000,
          "8": 100000
        },
        "total_effect_time_ms": 347,
        "avg_effect_time_ms": 0.000216875,
        "effect_overhead_percentage": 2.651283618581907,
        "execution_graph_dot": null
      }
    },
    {
      "run_number": 4,
      "parameters": {
        "num_replicas": 16,
        "num_operations": 100000,
        "churn_rate": 0.7,
        "seed": "0x1AE8CF9148880422AB24DE8AB00E9B7E5C27F0D404E47F66FEDD287A49BA04BB",
        "generate_execution_graph": false
      },
      "results": {
        "convergence": true,
        "final_state": "{0, 88, 25, 69, 6, 50, 94, 31, 75, 12, 37, 81, 18, 62, 43, 87, 24, 68, 93, 30, 74, 11, 55, 36, 80, 1 ... 63}",
        "delivered_events": 100000,
        "total_operations": 100000,
        "total_time_ms": 13085,
        "avg_time_per_op_ms": 0.13085,
        "throughput_ops_per_sec": 7642.338555598013,
        "replica_times_ms": {
          "0": 193,
          "11": 197,
          "3": 195,
          "14": 198,
          "6": 197,
          "9": 197,
          "1": 199,
          "12": 195,
          "15": 10135,
          "4": 195,
          "7": 193,
          "10": 198,
          "2": 197,
          "13": 199,
          "5": 200,
          "8": 197
        },
        "replica_effect_times_ms": {
          "0": 21,
          "11": 21,
          "3": 21,
          "14": 21,
          "6": 21,
          "9": 21,
          "1": 21,
          "12": 21,
          "4": 21,
          "15": 32,
          "7": 21,
          "10": 21,
          "2": 21,
          "13": 21,
          "5": 21,
          "8": 21
        },