{
  "name": "ew_flag_set",
  "timestamp": "2026-01-25T21:41:58.068572+01:00",
  "git_commit": "cb56f58c2bc5e9da789a22077e7a58fc770f00df",
  "git_branch": "master",
  "final_merge": true,
  "summary": {
    "total_runs": 3,
    "total_operations": 600000,
    "total_time_ms": 299834,
    "mean_throughput_ops_per_sec": 4114.353424597906,
    "min_throughput_ops_per_sec": 1389.9828568780986,
    "max_throughput_ops_per_sec": 8165.931732810714,
    "mean_time_per_op_ms": 0.4002277777777778,
    "mean_effect_time_ms": 0.00006885416666666666,
    "mean_effect_overhead_percentage": 0.4268710473675413,
    "all_converged": true
  },
  "runs": [
    {
      "run_number": 1,
      "parameters": {
        "num_replicas": 16,
        "num_operations": 100000,
        "churn_rate": 0.7,
        "seed": "0xE07B5292479817A427B19DFB12081C98A6C08240EC8024030B2BFC2813C6F020",
        "generate_execution_graph": false
      },
      "results": {
        "convergence": true,
        "final_state": "{9: true, 94: true, 27: true, 83: true, 24: true}",
        "delivered_events": 100000,
        "total_operations": 100000,
        "total_time_ms": 12246,
        "avg_time_per_op_ms": 0.12246,
        "throughput_ops_per_sec": 8165.931732810714,
        "replica_times_ms": {
          "0": 181,
          "11": 182,
          "3": 180,
          "14": 180,
          "6": 181,
          "9": 182,
          "1": 183,
          "12": 180,
          "4": 183,
          "15": 9514,
          "7": 182,
          "10": 183,
          "2": 190,
          "13": 183,
          "5": 181,
          "8": 181
        },
        "replica_effect_times_ms": {
          "0": 6,
          "11": 6,
          "3": 6,
          "14": 6,
          "6": 6,
          "9": 6,
          "1": 6,
          "12": 6,
          "4": 6,
          "15": 8,
          "7": 6,
          "10": 6,
          "2": 6,
          "13": 6,
          "5": 6,
          "8": 6
        },
        "replica_effect_calls": {
          "0": 100000,
          "11": 100000,
          "3": 100000,
          "14": 100000,
          "6": 100000,
          "9": 100000,
          "1": 100000,
          "12": 100000,
          "4": 100000,
          "15": 100000,
          "7": 100000,
          "10": 100000,
          "2": 100000,
          "13": 100000,
          "5": 100000,
          "8": 100000
        },
        "total_effect_time_ms": 98,
        "avg_effect_time_ms": 0.00006125,
        "effect_overhead_percentage": 0.8002613098154499,
        "execution_graph_dot": null
      }
    },
    {
      "run_number": 2,
      "parameters": {
        "num_replicas": 16,
        "num_operations": 200000,
        "churn_rate": 0.7,
        "seed": "0x61C5D7AB813AB42F591E167497F0B963959F3A6261A757CE6565964F5E00CD64",
        "generate_execution_graph": false
      },
      "results": {
        "convergence": true,
        "final_state": "{92: true, 70: true, 14: true, 69: true, 80: true, 54: true, 39: true, 35: true, 79: true, 45: true, ... ue}",
        "delivered_events": 200000,
        "total_operations": 200000,
        "total_time_ms": 71758,
        "avg_time_per_op_ms": 0.35879,
        "throughput_ops_per_sec": 2787.145684104908,
        "replica_times_ms": {
          "0": 614,
          "11": 623,
          "3": 617,
          "14": 611,
          "6": 615,
          "9": 615,
          "1": 617,
          "12": 613,
          "4": 626,
          "15": 62507,
          "7": 612,
          "10": 618,
          "2": 618,
          "13": 624,
          "5": 612,
          "8": 616
        },
        "replica_effect_times_ms": {
          "0": 13,
          "11": 13,
          "3": 13,
          "14": 13,
          "6": 13,
          "9": 13,
          "1": 13,
          "12": 13,
          "4": 13,
          "15": 30,
          "7": 13,
          "10": 13,
          "2": 13,
          "13": 13,
          "5": 13,
          "8": 13
        },
        "replica_effect_calls": {
          "0": 200000,
          "11": 200000,
          "3": 200000,
          "14": 200000,
          "6": 200000,
          "9": 200000,
          "1": 200000,
          "12": 200000,
          "4": 200000,
          "15": 200000,
          "7": 200000,
          "10": 200000,
          "2": 200000,
          "13": 200000,
          "5": 200000,
          "8": 200000
        },
        "total_effect_time_ms": 225,
        "avg_effect_time_ms": 0.0000703125,
        "effect_overhead_percentage": 0.3135538894618022,
        "execution_graph_dot": null
      }
    },
    {
      "run_number": 3,
      "parameters": {
        "num_replicas": 16,
        "num_operations": 300000,
        "churn_rate": 0.7,
        "seed": "0x5D9192DB8C23D72ADC68EEF6B299A7F6E8FCAE18C212BCBA1CE8E3620B97725D",
        "generate_execution_graph": false
      },
      "results": {
        "convergence": true,
        "final_state": "{9: true, 20: true, 26: true, 47: true, 51: true, 78: true, 96: true}",
        "delivered_events": 300000,
        "total_operations": 300000,
        "total_time_ms": 215830,
        "avg_time_per_op_ms": 0.7194333333333334,
        "throughput_ops_per_sec": 1389.9828568780986,
        "replica_times_ms": {
          "0": 1304,
          "11": 1311,
          "3": 1306,
          "14": 1319,
          "6": 1310,
          "9": 1307,
          "1": 1368,
          "12": 1312,
          "4": 1310,
          "15": 196109,
          "7": 1307,
          "10": 1310,
          "2": 1305,
          "13": 1322,
          "5": 1315,
          "8": 1315
        },
        "replica_effect_times_ms": {
          "0": 20,
          "11": 20,
          "3": 19,
          "14": 20,
          "6": 20,
          "9": 20,
          "1": 20,
          "12": 20,
          "4": 19,
          "15": 63,
          "7": 20,
          "10": 20,
          "2": 20,
          "13": 20,
          "5": 19,
          "8": 20
        },
        "replica_effect_calls": {
          "0": 300000,
          "11": 300000,
          "3": 300000,
          "14": 300000,
          "6": 300000,
          "9": 300000,
          "1": 300000,
          "12": 300000,
          "4": 300000,
          "15": 300000,
          "7": 300000,
          "10": 300000,
          "2": 300000,
          "13": 300000,
          "5": 300000,
          "8": 300000
        },
        "total_effect_time_ms": 360,
        "avg_effect_time_ms": 0.000075,
        "effect_overhead_percentage": 0.16679794282537183,
        "execution_graph_dot": null
      }
    }
  ]
}