{
  "name": "ew_flag_set",
  "timestamp": "2026-01-25T21:27:38.411189+01:00",
  "git_commit": "cb56f58c2bc5e9da789a22077e7a58fc770f00df",
  "git_branch": "master",
  "final_merge": true,
  "summary": {
    "total_runs": 3,
    "total_operations": 111000,
    "total_time_ms": 12475,
    "mean_throughput_ops_per_sec": 56338.54552936274,
    "min_throughput_ops_per_sec": 8153.281695882592,
    "max_throughput_ops_per_sec": 111111.11111111111,
    "mean_time_per_op_ms": 0.050583333333333334,
    "mean_effect_time_ms": 0.000020416666666666667,
    "mean_effect_overhead_percentage": 0.26634053539883135,
    "all_converged": true
  },
  "runs": [
    {
      "run_number": 1,
      "parameters": {
        "num_replicas": 16,
        "num_operations": 1000,
        "churn_rate": 0.7,
        "seed": "0x39F3992516DC47A7A5C8156CFB1816463CFFB389AB153618A32808254B56C39D",
        "generate_execution_graph": false
      },
      "results": {
        "convergence": true,
        "final_state": "{16: true, 62: true, 3: true, 87: true}",
        "delivered_events": 1000,
        "total_operations": 1000,
        "total_time_ms": 9,
        "avg_time_per_op_ms": 0.009,
        "throughput_ops_per_sec": 111111.11111111111,
        "replica_times_ms": {
          "11": 1,
          "0": 0,
          "3": 0,
          "14": 1,
          "6": 1,
          "9": 0,
          "1": 0,
          "12": 0,
          "4": 1,
          "15": 2,
          "7": 0,
          "10": 1,
          "2": 1,
          "13": 1,
          "5": 0,
          "8": 0
        },
        "replica_effect_times_ms": {
          "0": 0,
          "11": 0,
          "3": 0,
          "14": 0,
          "6": 0,
          "9": 0,
          "1": 0,
          "12": 0,
          "4": 0,
          "15": 0,
          "7": 0,
          "10": 0,
          "2": 0,
          "13": 0,
          "5": 0,
          "8": 0
        },
        "replica_effect_calls": {
          "0": 1000,
          "11": 1000,
          "3": 1000,
          "14": 1000,
          "6": 1000,
          "9": 1000,
          "1": 1000,
          "12": 1000,
          "4": 1000,
          "15": 1000,
          "7": 1000,
          "10": 1000,
          "2": 1000,
          "13": 1000,
          "5": 1000,
          "8": 1000
        },
        "total_effect_time_ms": 0,
        "avg_effect_time_ms": 0.0,
        "effect_overhead_percentage": 0.0,
        "execution_graph_dot": null
      }
    },
    {
      "run_number": 2,
      "parameters": {
        "num_replicas": 16,
        "num_operations": 10000,
        "churn_rate": 0.7,
        "seed": "0x66F1D49D93B859BF6624262B97D5CA29AFBF0EC5314524A57905B89C7976282A",
        "generate_execution_graph": false
      },
      "results": {
        "convergence": true,
        "final_state": "{46: true, 96: true, 64: true, 1: true, 32: true, 28: true, 72: true}",
        "delivered_events": 10000,
        "total_operations": 10000,
        "total_time_ms": 201,
        "avg_time_per_op_ms": 0.0201,
        "throughput_ops_per_sec": 49751.24378109453,
        "replica_times_ms": {
          "0": 8,
          "11": 7,
          "3": 8,
          "14": 8,
          "6": 8,
          "9": 8,
          "1": 8,
          "12": 8,
          "4": 8,
          "15": 83,
          "7": 8,
          "10": 8,
          "2": 8,
          "13": 8,
          "5": 8,
          "8": 7
        },
        "replica_effect_times_ms": {
          "0": 0,
          "11": 0,
          "3": 0,
          "14": 0,
          "6": 0,
          "9": 0,
          "1": 0,
          "12": 0,
          "4": 0,
          "15": 0,
          "7": 0,
          "10": 0,
          "2": 0,
          "13": 0,
          "5": 0,
          "8": 0
        },
        "replica_effect_calls": {
          "0": 10000,
          "11": 10000,
          "3": 10000,
          "14": 10000,
          "6": 10000,
          "9": 10000,
          "1": 10000,
          "12": 10000,
          "4": 10000,
          "15": 10000,
          "7": 10000,
          "10": 10000,
          "2": 10000,
          "13": 10000,
          "5": 10000,
          "8": 10000
        },
        "total_effect_time_ms": 0,
        "avg_effect_time_ms": 0.0,
        "effect_overhead_percentage": 0.0,
        "execution_graph_dot": null
      }
    },
    {
      "run_number": 3,
      "parameters": {
        "num_replicas": 16,
        "num_operations": 100000,
        "churn_rate": 0.7,
        "seed": "0xADF0AAD79108D201A5233D17E3BBEE3230A07E74AFC74ABE2CFDF200314BD9A4",
        "generate_execution_graph": false
      },
      "results": {
        "convergence": true,
        "final_state": "{88: true, 18: true, 10: true, 35: true, 90: true, 60: true, 74: true, 52: true}",
        "delivered_events": 100000,
        "total_operations": 100000,
        "total_time_ms": 12265,
        "avg_time_per_op_ms": 0.12265,
        "throughput_ops_per_sec": 8153.281695882592,
        "replica_times_ms": {
          "0": 180,
          "11": 182,
          "3": 181,
          "14": 185,
          "6": 182,
          "9": 186,
          "1": 180,
          "12": 183,
          "4": 184,
          "15": 9529,
          "7": 182,
          "10": 180,
          "2": 186,
          "13": 182,
          "5": 180,
          "8": 183
        },
        "replica_effect_times_ms": {
          "0": 6,
          "11": 6,
          "3": 6,
          "14": 6,
          "6": 6,
          "9": 6,
          "1": 6,
          "12": 6,
          "4": 6,
          "15": 8,
          "7": 6,
          "10": 6,
          "2": 6,
          "13": 6,
          "5": 6,
          "8": 6
        },
        "replica_effect_calls": {
          "0": 100000,
          "11": 100000,
          "3": 100000,
          "14": 100000,
          "6": 100000,
          "9": 100000,
          "1": 100000,
          "12": 100000,
          "4": 100000,
          "15": 100000,
          "7": 100000,
          "10": 100000,
          "2": 100000,
          "13": 100000,
          "5": 100000,
          "8": 100000
        },
        "total_effect_time_ms": 98,
        "avg_effect_time_ms": 0.00006125,
        "effect_overhead_percentage": 0.7990216061964941,
        "execution_graph_dot": null
      }
    }
  ]
}