{
  "name": "aw_set",
  "timestamp": "2026-01-25T21:36:01.726368+01:00",
  "git_commit": "cb56f58c2bc5e9da789a22077e7a58fc770f00df",
  "git_branch": "master",
  "final_merge": true,
  "summary": {
    "total_runs": 3,
    "total_operations": 600000,
    "total_time_ms": 303900,
    "mean_throughput_ops_per_sec": 4036.20323342862,
    "min_throughput_ops_per_sec": 1366.008250689834,
    "max_throughput_ops_per_sec": 7953.551260637875,
    "mean_time_per_op_ms": 0.405445,
    "mean_effect_time_ms": 0.00022145833333333335,
    "mean_effect_overhead_percentage": 1.4156218473846425,
    "all_converged": true
  },
  "runs": [
    {
      "run_number": 1,
      "parameters": {
        "num_replicas": 16,
        "num_operations": 100000,
        "churn_rate": 0.7,
        "seed": "0xF1A2AF0F8E340483B1A71A0549DD60EBF10151137B211B60448C542125D67AB6",
        "generate_execution_graph": false
      },
      "results": {
        "convergence": true,
        "final_state": "{44, 88, 0, 25, 6, 50, 75, 12, 81, 18, 62, 43, 87, 68, 5, 49, 93, 30, 74, 11, 55, 99, 36, 80, 17, 61 ... 19}",
        "delivered_events": 100000,
        "total_operations": 100000,
        "total_time_ms": 12573,
        "avg_time_per_op_ms": 0.12573,
        "throughput_ops_per_sec": 7953.551260637875,
        "replica_times_ms": {
          "0": 199,
          "11": 202,
          "3": 204,
          "14": 200,
          "6": 203,
          "9": 201,
          "1": 205,
          "12": 206,
          "4": 205,
          "15": 9543,
          "7": 201,
          "10": 200,
          "2": 200,
          "13": 201,
          "5": 200,
          "8": 203
        },
        "replica_effect_times_ms": {
          "0": 21,
          "11": 21,
          "3": 21,
          "14": 21,
          "6": 21,
          "9": 21,
          "1": 21,
          "12": 21,
          "4": 21,
          "15": 33,
          "7": 21,
          "10": 21,
          "2": 21,
          "13": 21,
          "5": 21,
          "8": 21
        },
        "replica_effect_calls": {
          "0": 100000,
          "11": 100000,
          "3": 100000,
          "14": 100000,
          "6": 100000,
          "9": 100000,
          "1": 100000,
          "12": 100000,
          "4": 100000,
          "15": 100000,
          "7": 100000,
          "10": 100000,
          "2": 100000,
          "13": 100000,
          "5": 100000,
          "8": 100000
        },
        "total_effect_time_ms": 348,
        "avg_effect_time_ms": 0.0002175,
        "effect_overhead_percentage": 2.7678358387019806,
        "execution_graph_dot": null
      }
    },
    {
      "run_number": 2,
      "parameters": {
        "num_replicas": 16,
        "num_operations": 200000,
        "churn_rate": 0.7,
        "seed": "0x648C552DCB413854E13584228125D29F622E1986771BCCA0914E7CCE3A334FEC",
        "generate_execution_graph": false
      },
      "results": {
        "convergence": true,
        "final_state": "{0, 88, 44, 25, 69, 6, 50, 94, 31, 75, 12, 56, 37, 81, 18, 62, 87, 68, 5, 93, 30, 74, 11, 55, 99, 36 ... 63}",
        "delivered_events": 200000,
        "total_operations": 200000,
        "total_time_ms": 71709,
        "avg_time_per_op_ms": 0.358545,
        "throughput_ops_per_sec": 2789.05018895815,
        "replica_times_ms": {
          "0": 637,
          "11": 640,
          "3": 648,
          "14": 647,
          "6": 638,
          "9": 639,
          "1": 637,
          "12": 643,
          "4": 639,
          "15": 62092,
          "7": 634,
          "10": 644,
          "2": 648,
          "13": 644,
          "5": 641,
          "8": 638
        },
        "replica_effect_times_ms": {
          "0": 42,
          "11": 42,
          "3": 42,
          "14": 42,
          "6": 42,
          "9": 42,
          "1": 42,
          "12": 42,
          "4": 42,
          "15": 76,
          "7": 42,
          "10": 42,
          "2": 42,
          "13": 42,
          "5": 42,
          "8": 42
        },
        "replica_effect_calls": {
          "0": 200000,
          "11": 200000,
          "3": 200000,
          "14": 200000,
          "6": 200000,
          "9": 200000,
          "1": 200000,
          "12": 200000,
          "4": 200000,
          "15": 200000,
          "7": 200000,
          "10": 200000,
          "2": 200000,
          "13": 200000,
          "5": 200000,
          "8": 200000
        },
        "total_effect_time_ms": 706,
        "avg_effect_time_ms": 0.000220625,
        "effect_overhead_percentage": 0.984534716702227,
        "execution_graph_dot": null
      }
    },
    {
      "run_number": 3,
      "parameters": {
        "num_replicas": 16,
        "num_operations": 300000,
        "churn_rate": 0.7,
        "seed": "0x9F1700AA9EF570043A0674F23DF797ABDD4DEF8334F96E9797439BB1DC3E244E",
        "generate_execution_graph": false
      },
      "results": {
        "convergence": true,
        "final_state": "{44, 88, 0, 25, 69, 6, 50, 94, 31, 12, 56, 37, 81, 18, 62, 43, 87, 24, 5, 49, 93, 30, 74, 55, 99, 36 ... 63}",
        "delivered_events": 300000,
        "total_operations": 300000,
        "total_time_ms": 219618,
        "avg_time_per_op_ms": 0.73206,
        "throughput_ops_per_sec": 1366.008250689834,
        "replica_times_ms": {
          "0": 1372,
          "11": 1373,
          "3": 1372,
          "14": 1374,
          "6": 1372,
          "9": 1379,
          "1": 1392,
          "12": 1368,
          "4": 1381,
          "15": 198937,
          "7": 1379,
          "10": 1420,
          "2": 1366,
          "13": 1385,
          "5": 1372,
          "8": 1376
        },
        "replica_effect_times_ms": {
          "0": 63,
          "11": 63,
          "3": 63,
          "14": 64,
          "6": 64,
          "9": 63,
          "1": 65,
          "12": 64,
          "4": 63,
          "15": 135,
          "7": 63,
          "10": 63,
          "2": 63,
          "13": 63,
          "5": 63,
          "8": 64
        },
        "replica_effect_calls": {
          "0": 300000,
          "11": 300000,
          "3": 300000,
          "14": 300000,
          "6": 300000,
          "9": 300000,
          "1": 300000,
          "12": 300000,
          "4": 300000,
          "15": 300000,
          "7": 300000,
          "10": 300000,
          "2": 300000,
          "13": 300000,
          "5": 300000,
          "8": 300000
        },
        "total_effect_time_ms": 1086,
        "avg_effect_time_ms": 0.00022625,
        "effect_overhead_percentage": 0.49449498674972,
        "execution_graph_dot": null
      }
    }
  ]
}